ID	growth_rate
ADan	23.37727256
ADan	22.28867367
ADan	17.62837581
N-4-M	0.164451035
N-4-M	0.138264354
N-4-M	0.160528784
K-14-V	27.53492429
K-14-V	23.22244324
K-14-V	16.73608708
F-15-E	4.09041817
F-15-E	3.124784642
F-15-E	2.328688719
L-20-R	0.830923117
L-20-R	0.073303478
L-20-R	1.18483171
E-31-N	15.93773074
E-31-N	13.01186799
E-31-N	13.54825698

