ID	growth_rate
ABri	0.00492126
ABri	0.011042827
ABri	0.003686897
A-7-P	0.118918919
A-7-P	0.475048427
A-7-P	0.207401646
N-13-F	2.362300113
N-13-F	2.080770066
N-13-F	2.653887688
K-14-V	0.599389712
K-14-V	0.826153665
K-14-V	0.763807286
L-20-C	71.25535953
L-20-C	59.4000126
L-20-C	58.65824692
R-24-C	5.23223054
R-24-C	5.099005694
R-24-C	5.204287712



